{
  "parameters": {
    "alpha": 0.95,
    "B": 2,
    "gamma": 0.5,
    "L": 0.3,
    "input_file": "\u0418\u0437 \u0441\u0442\u0430\u0442\u044c\u0438.json",
    "output_file": "EABM_results_\u0418\u0437 \u0441\u0442\u0430\u0442\u044c\u0438.json"
  },
  "results": {
    "scores": {
      "DM1": [
        [
          0.48692,
          0.41586,
          0.54536
        ],
        [
          0.45033,
          0.52772,
          0.34813
        ],
        [
          0.48894,
          0.32891,
          0.48867
        ],
        [
          0.37971,
          0.37648,
          0.42778
        ],
        [
          0.33189,
          0.43112,
          0.33699
        ],
        [
          0.54532,
          0.52755,
          0.40366
        ]
      ],
      "DM2": [
        [
          0.57043,
          0.75376,
          0.30971
        ],
        [
          0.67194,
          0.59235,
          0.83423
        ],
        [
          0.61275,
          0.72741,
          0.71386
        ],
        [
          0.43229,
          0.79708,
          0.53919
        ],
        [
          0.27685,
          0.56941,
          0.77226
        ],
        [
          0.42602,
          0.77619,
          0.85662
        ]
      ],
      "DM3": [
        [
          0.67077,
          0.57771,
          0.49205
        ],
        [
          0.72409,
          0.69956,
          0.54178
        ],
        [
          0.75015,
          0.55521,
          0.71333
        ],
        [
          0.62814,
          0.63033,
          0.76235
        ],
        [
          0.70551,
          0.56176,
          0.72425
        ],
        [
          0.64256,
          0.50469,
          0.41516
        ]
      ],
      "DM4": [
        [
          0.59369,
          0.51611,
          0.60229
        ],
        [
          0.60409,
          0.58426,
          0.62333
        ],
        [
          0.68182,
          0.56144,
          0.4974
        ],
        [
          0.49796,
          0.6325,
          0.68966
        ],
        [
          0.51662,
          0.57655,
          0.503
        ],
        [
          0.59018,
          0.63534,
          0.5835
        ]
      ],
      "DM5": [
        [
          0.36061,
          0.34695,
          0.21558
        ],
        [
          0.35013,
          0.28778,
          0.17443
        ],
        [
          0.16171,
          0.42836,
          0.30785
        ],
        [
          0.39818,
          0.26244,
          0.34949
        ],
        [
          0.20792,
          0.30157,
          0.46047
        ],
        [
          0.24999,
          0.40827,
          0.46604
        ]
      ]
    },
    "normalized_scores": {
      "DM1": [
        [
          0.5526646726939025,
          0.28695944934909473,
          0.5437341503100308
        ],
        [
          0.490483311807491,
          0.4961843483465509,
          0.2546211466013867
        ],
        [
          0.5560974780776291,
          0.12432664970821482,
          0.46063413418549076
        ],
        [
          0.3704710760655292,
          0.21330240909771056,
          0.37137747548336963
        ],
        [
          0.28920535653592555,
          0.31550202005087535,
          0.23829138509799322
        ],
        [
          0.6519101352729251,
          0.4958663773754301,
          0.3360207566806901
        ]
      ],
      "DM2": [
        [
          0.6945822853646931,
          0.9189735148885231,
          0.19830252568932405
        ],
        [
          0.8670892529399769,
          0.6170694298967531,
          0.9671792315923716
        ],
        [
          0.7665012575623683,
          0.8696880143648063,
          0.7907327870534602
        ],
        [
          0.45982598055876567,
          1.0,
          0.5346897491901083
        ],
        [
          0.1956699068724084,
          0.5741620529702229,
          0.8763394362274438
        ],
        [
          0.4491706886003672,
          0.9609269789016909,
          1.0
        ]
      ],
      "DM3": [
        [
          0.8651009448711848,
          0.5896865180308244,
          0.46558876559316315
        ],
        [
          0.9557134117327171,
          0.8175968876253179,
          0.5384863454462834
        ],
        [
          1.0,
          0.5476021247942541,
          0.7899558773948606
        ],
        [
          0.7926551560057101,
          0.6881078856800836,
          0.8618126914789134
        ],
        [
          0.9241383998368567,
          0.5598533592697891,
          0.8059631480965712
        ],
        [
          0.8171606281014208,
          0.4531086338470746,
          0.35287823040501903
        ]
      ],
      "DM4": [
        [
          0.7341105295357216,
          0.4744688014364805,
          0.6271859745818613
        ],
        [
          0.7517843790360955,
          0.6019377525063594,
          0.6580278221609815
        ],
        [
          0.8838794099653321,
          0.5592548256770912,
          0.47343115554317705
        ],
        [
          0.5714261437019919,
          0.6921666916055662,
          0.7552587988683505
        ],
        [
          0.6031371082863163,
          0.5875168337572946,
          0.4816400123132851
        ],
        [
          0.7281456053293455,
          0.6974786772407602,
          0.5996423283835881
        ]
      ],
      "DM5": [
        [
          0.33801237169465026,
          0.1580689809965584,
          0.06032043858749027
        ],
        [
          0.320202569505812,
          0.04739637887176413,
          0.0
        ],
        [
          0.0,
          0.3103396678138561,
          0.19557601254782392
        ],
        [
          0.4018591530147509,
          0.0,
          0.25661472610269864
        ],
        [
          0.07852967167425737,
          0.07318943588208887,
          0.4192966768788753
        ],
        [
          0.15002379172048128,
          0.27276298069729166,
          0.42746155763057214
        ]
      ]
    },
    "consensus_scores": {
      "A1": [
        0.6368941608320304,
        0.4856314529402962,
        0.3790263709523739
      ],
      "A2": [
        0.6770545850044185,
        0.516036959449349,
        0.4836629091602046
      ],
      "A3": [
        0.641295629121066,
        0.4822422564716445,
        0.5420659933449625
      ],
      "A4": [
        0.5192475018693495,
        0.518715397276672,
        0.5559506882246881
      ],
      "A5": [
        0.4181360886411528,
        0.42204474038605416,
        0.5643061317228337
      ],
      "A6": [
        0.559282169804908,
        0.5760287296124494,
        0.5432005746199738
      ]
    },
    "CIs": {
      "DM1": {
        "mean": 0.39153624070779114,
        "std": 0.14489789174111867,
        "lower_bound": 0.33212386863673155,
        "upper_bound": 0.45094861277885073,
        "length": 0.11882474414211919
      },
      "DM2": {
        "mean": 0.7078279495929602,
        "std": 0.25935382849432953,
        "lower_bound": 0.6014852970436118,
        "upper_bound": 0.8141706021423087,
        "length": 0.212685305098697
      },
      "DM3": {
        "mean": 0.7125227226783357,
        "std": 0.1924101027921015,
        "lower_bound": 0.6336289549364331,
        "upper_bound": 0.7914164904202383,
        "length": 0.1577875354838052
      },
      "DM4": {
        "mean": 0.6378051583294222,
        "std": 0.1103332460453973,
        "lower_bound": 0.5925653015786514,
        "upper_bound": 0.683045015080193,
        "length": 0.0904797135015416
      },
      "DM5": {
        "mean": 0.1949808007566095,
        "std": 0.1518907597923995,
        "lower_bound": 0.1327011483302994,
        "upper_bound": 0.2572604531829196,
        "length": 0.12455930485262023
      }
    },
    "global_biasedness_index": {
      "DM1": 0.0,
      "DM2": 2.0,
      "DM3": 2.0,
      "DM4": 2.0,
      "DM5": 0.0
    },