{
  "parameters": {
    "alpha": 0.95,
    "B": 2,
    "gamma": 0.5,
    "L": 0.1,
    "input_file": "./\u041a\u043e\u043d\u0442\u0440\u043f\u0440\u0438\u043c\u0435\u0440_2.json",
    "output_file": "EABM_results_\u041a\u043e\u043d\u0442\u0440\u043f\u0440\u0438\u043c\u0435\u0440_2.json"
  },
  "results": {
    "scores": {
      "Alex (DM1)": [
        [
          8,
          7,
          6
        ],
        [
          6,
          5,
          7
        ],
        [
          4,
          3,
          8
        ]
      ],
      "Borya (DM2)": [
        [
          7,
          8,
          7
        ],
        [
          5,
          6,
          6
        ],
        [
          3,
          4,
          5
        ]
      ],
      "Dasha (DM3)": [
        [
          7,
          6,
          8
        ],
        [
          5,
          4,
          7
        ],
        [
          3,
          2,
          9
        ]
      ],
      "Egor (DM4)": [
        [
          1,
          10,
          10
        ],
        [
          10,
          1,
          1
        ],
        [
          5,
          5,
          5
        ]
      ]
    },
    "normalized_scores": {
      "Alex (DM1)": [
        [
          0.7777777777777778,
          0.6666666666666666,
          0.5555555555555556
        ],
        [
          0.5555555555555556,
          0.4444444444444444,
          0.6666666666666666
        ],
        [
          0.3333333333333333,
          0.2222222222222222,
          0.7777777777777778
        ]
      ],
      "Borya (DM2)": [
        [
          0.6666666666666666,
          0.7777777777777778,
          0.6666666666666666
        ],
        [
          0.4444444444444444,
          0.5555555555555556,
          0.5555555555555556
        ],
        [
          0.2222222222222222,
          0.3333333333333333,
          0.4444444444444444
        ]
      ],
      "Dasha (DM3)": [
        [
          0.6666666666666666,
          0.5555555555555556,
          0.7777777777777778
        ],
        [
          0.4444444444444444,
          0.3333333333333333,
          0.6666666666666666
        ],
        [
          0.2222222222222222,
          0.1111111111111111,
          0.8888888888888888
        ]
      ],
      "Egor (DM4)": [
        [
          0.0,
          1.0,
          1.0
        ],
        [
          1.0,
          0.0,
          0.0
        ],
        [
          0.4444444444444444,
          0.4444444444444444,
          0.4444444444444444
        ]
      ]
    },
    "consensus_scores": {
      "Phone_1": [
        0.5277777777777778,
        0.75,
        0.75
      ],
      "Phone_2": [
        0.6111111111111112,
        0.3333333333333333,
        0.4722222222222222
      ],
      "Phone_3": [
        0.3055555555555556,
        0.2777777777777778,
        0.6388888888888888
      ]
    },
    "CIs": {
      "Alex (DM1)": {
        "mean": 0.5555555555555556,
        "std": 0.19245008972987526,
        "lower_bound": 0.43626549332946074,
        "upper_bound": 0.6748456177816504,
        "length": 0.23858012445218968
      },
      "Borya (DM2)": {
        "mean": 0.5185185185185186,
        "std": 0.17568209223157663,
        "lower_bound": 0.40962208857280685,
        "upper_bound": 0.6274149484642304,
        "length": 0.21779285989142355
      },
      "Dasha (DM3)": {
        "mean": 0.5185185185185185,
        "std": 0.26057865332352387,
        "lower_bound": 0.3569990107158172,
        "upper_bound": 0.6800380263212198,
        "length": 0.3230390156054026
      },
      "Egor (DM4)": {
        "mean": 0.48148148148148145,
        "std": 0.4339027597725919,
        "lower_bound": 0.21252713967785863,
        "upper_bound": 0.7504358232851043,
        "length": 0.5379086836072456
      }
    },
    "global_biasedness_index": {
      "Alex (DM1)": 3.0,
      "Borya (DM2)": 3.0,
      "Dasha (DM3)": 3.0,
      "Egor (DM4)": 3.0
    },
    "local_biasedness_index": {
      "Alex (DM1)": 0.08333333333333331,
      "Borya (DM2)": 0.07407407407407408,
      "Dasha (DM3)": 0.009259259259259264,
      "Egor (DM4)": 0.1388888888888889
    },
    "biased_indices": {
      "Egor (DM4)": 3
    },
    "unbiased_indices": {
      "Alex (DM1)": 0,
      "Borya (DM2)": 1,
      "Dasha (DM3)": 2
    },
    "overlap_matrix": {
      "Alex (DM1)": [
        0.23858012445218968,
        0.19114945513476966,
        0.23858012445218968
      ],
      "Borya (DM2)": [
        0.19114945513476966,
        0.21779285989142355,
        0.21779285989142355
      ],
      "Dasha (DM3)": [
        0.23858012445218968,
        0.21779285989142355,
        0.3230390156054026
      ]
    },
    "total_overlap": {
      "Alex (DM1)": 0.668309704039149,
      "Borya (DM2)": 0.6267351749176168,
      "Dasha (DM3)": 0.7794119999490159
    },
    "O_i": {
      "Alex (DM1)": 0.42972957958695934,
      "Borya (DM2)": 0.4089423150261932,
      "Dasha (DM3)": 0.4563729843436133
    },
    "O_tilde": {
      "Alex (DM1)": 0.9005980288041033,
      "Borya (DM2)": 0.9388331537362233,
      "Dasha (DM3)": 0.7063744041696194
    },
    "CI_tilde": {
      "Alex (DM1)": 1.771142031182941,
      "Borya (DM2)": 1.616824071707358,
      "Dasha (DM3)": 2.3981376468991917
    },
    "final_weights": {
      "Alex (DM1)": 0.3318260135765578,
      "Borya (DM2)": 0.3157746281006262,
      "Dasha (DM3)": 0.35239935832281605,
      "Egor (DM4)": 0.0
    }
  }
}