{
  "parameters": {
    "alpha": 0.95,
    "B_threshold": 2,
    "input_file": "example_data.json"
  },
  "weights": {
    "DM1": 0.0,
    "DM2": 0.3994157920691913,
    "DM3": 0.35443733662022603,
    "DM4": 0.24614687131058272,
    "DM5": 0.0
  },
  "biased_dms": [
    "DM1",
    "DM5"
  ],
  "biasedness_index": {
    "DM1": 0.0,
    "DM2": 2.0,
    "DM3": 2.0,
    "DM4": 2.0,
    "DM5": 0.0
  },
  "confidence_intervals": {
    "DM1": {
      "lower_bound": 0.31948021434696094,
      "upper_bound": 0.46359226706862133,
      "length": 0.1441120527216604
    },
    "DM2": {
      "lower_bound": 0.5788543249376167,
      "upper_bound": 0.8368015742483038,
      "length": 0.25794724931068713
    },
    "DM3": {
      "lower_bound": 0.6168454919106712,
      "upper_bound": 0.8082169475320584,
      "length": 0.19137145562138724
    },
    "DM4": {
      "lower_bound": 0.5829377258913625,
      "upper_bound": 0.6926725907674819,
      "length": 0.10973486487611939
    },
    "DM5": {
      "lower_bound": 0.1194597621845921,
      "upper_bound": 0.27054340416145317,
      "length": 0.15108364197686108
    }
  }
}