{
  "parameters": {
    "alpha": 0.95,
    "B_threshold": 2,
    "input_file": "example_data.json"
  },
  "weights": {
    "DM1": 0.0,
    "DM2": 0.4327126489314215,
    "DM3": 0.33950564254964405,
    "DM4": 0.22778170851893453,
    "DM5": 0.0
  },
  "results": {
    "scores": {
      "DM1": [
        [
          0.48692,
          0.41586,
          0.54536
        ],
        [
          0.45033,
          0.52772,
          0.34813
        ],
        [
          0.48894,
          0.32891,
          0.48867
        ],
        [
          0.37971,
          0.37648,
          0.42778
        ],
        [
          0.33189,
          0.43112,
          0.33699
        ],
        [
          0.54532,
          0.52755,
          0.40366
        ]
      ],
      "DM2": [
        [
          0.57043,
          0.75376,
          0.30971
        ],
        [
          0.67194,
          0.59235,
          0.83423
        ],
        [
          0.61275,
          0.72741,
          0.71386
        ],
        [
          0.43229,
          0.79708,
          0.53919
        ],
        [
          0.27685,
          0.56941,
          0.77226
        ],
        [
          0.42602,
          0.77619,
          0.85662
        ]
      ],
      "DM3": [
        [
          0.67077,
          0.57771,
          0.49205
        ],
        [
          0.72409,
          0.69956,
          0.54178
        ],
        [
          0.75015,
          0.55521,
          0.71333
        ],
        [
          0.62814,
          0.63033,
          0.76235
        ],
        [
          0.70551,
          0.56176,
          0.72425
        ],
        [
          0.64256,
          0.50469,
          0.41516
        ]
      ],
      "DM4": [
        [
          0.59369,
          0.51611,
          0.60229
        ],
        [
          0.60409,
          0.58426,
          0.62333
        ],
        [
          0.68182,
          0.56144,
          0.4974
        ],
        [
          0.49796,
          0.6325,
          0.68966
        ],
        [
          0.51662,
          0.57655,
          0.503
        ],
        [
          0.59018,
          0.63534,
          0.5835
        ]
      ],
      "DM5": [
        [
          0.36061,
          0.34695,
          0.21558
        ],
        [
          0.35013,
          0.28778,
          0.17443
        ],
        [
          0.16171,
          0.42836,
          0.30785
        ],
        [
          0.39818,
          0.26244,
          0.34949
        ],
        [
          0.20792,
          0.30157,
          0.46047
        ],
        [
          0.24999,
          0.40827,
          0.46604
        ]
      ]
    },
    "normalized_scores": {
      "DM1": [
        [
          0.48692,
          0.41586,
          0.54536
        ],
        [
          0.45033,
          0.52772,
          0.34813
        ],
        [
          0.48894,
          0.32891,
          0.48867
        ],
        [
          0.37971,
          0.37648,
          0.42778
        ],
        [
          0.33189,
          0.43112,
          0.33699
        ],
        [
          0.54532,
          0.52755,
          0.40366
        ]
      ],
      "DM2": [
        [
          0.57043,
          0.75376,
          0.30971
        ],
        [
          0.67194,
          0.59235,
          0.83423
        ],
        [
          0.61275,
          0.72741,
          0.71386
        ],
        [
          0.43229,
          0.79708,
          0.53919
        ],
        [
          0.27685,
          0.56941,
          0.77226
        ],
        [
          0.42602,
          0.77619,
          0.85662
        ]
      ],
      "DM3": [
        [
          0.67077,
          0.57771,
          0.49205
        ],
        [
          0.72409,
          0.69956,
          0.54178
        ],
        [
          0.75015,
          0.55521,
          0.71333
        ],
        [
          0.62814,
          0.63033,
          0.76235
        ],
        [
          0.70551,
          0.56176,
          0.72425
        ],
        [
          0.64256,
          0.50469,
          0.41516
        ]
      ],
      "DM4": [
        [
          0.59369,
          0.51611,
          0.60229
        ],
        [
          0.60409,
          0.58426,
          0.62333
        ],
        [
          0.68182,
          0.56144,
          0.4974
        ],
        [
          0.49796,
          0.6325,
          0.68966
        ],
        [
          0.51662,
          0.57655,
          0.503
        ],
        [
          0.59018,
          0.63534,
          0.5835
        ]
      ],
      "DM5": [
        [
          0.36061,
          0.34695,
          0.21558
        ],
        [
          0.35013,
          0.28778,
          0.17443
        ],
        [
          0.16171,
          0.42836,
          0.30785
        ],
        [
          0.39818,
          0.26244,
          0.34949
        ],
        [
          0.20792,
          0.30157,
          0.46047
        ],
        [
          0.24999,
          0.40827,
          0.46604
        ]
      ]
    },
    "CIs": {
      "DM1": {
        "mean": 0.43563,
        "std": 0.07560045370234228,
        "lower_bound": 0.4046316036111182,
        "upper_bound": 0.4666283963888818,
        "length": 0.0619967927777636
      },
      "DM2": {
        "mean": 0.6240194444444445,
        "std": 0.17501655966935453,
        "lower_bound": 0.5522575379271963,
        "upper_bound": 0.6957813509616926,
        "length": 0.14352381303449624
      },
      "DM3": {
        "mean": 0.6277444444444444,
        "std": 0.10016486293766023,
        "lower_bound": 0.5866739220663042,
        "upper_bound": 0.6688149668225847,
        "length": 0.08214104475628048
      },
      "DM4": {
        "mean": 0.5827633333333334,
        "std": 0.059055162049611566,
        "lower_bound": 0.5585489902656172,
        "upper_bound": 0.6069776764010496,
        "length": 0.048428686135432386
      },
      "DM5": {
        "mean": 0.31876499999999997,
        "std": 0.09402201752468284,
        "lower_bound": 0.28021322384283903,
        "upper_bound": 0.3573167761571609,
        "length": 0.07710355231432187
      }
    },
    "biasedness_index": {
      "DM1": 0.0,
      "DM2": 2.0,
      "DM3": 2.0,
      "DM4": 2.0,
      "DM5": 0.0
    },
    "biased_indices": {
      "DM1": 0,
      "DM5": 4
    },
    "unbiased_indices": {
      "DM2": 1,
      "DM3": 2,
      "DM4": 3
    },
    "overlap_matrix": {
      "DM2": [
        0.14352381303449624,
        0.08214104475628048,
        0.048428686135432386
      ],
      "DM3": [
        0.08214104475628048,
        0.08214104475628048,
        0.020303754334745405
      ],
      "DM4": [
        0.048428686135432386,
        0.020303754334745405,
        0.048428686135432386
      ]
    },
    "total_overlap": {
      "DM2": 0.2740935439262091,
      "DM3": 0.18458584384730636,
      "DM4": 0.11716112660561018
    },
    "O_i": {
      "DM2": 0.13056973089171287,
      "DM3": 0.10244479909102588,
      "DM4": 0.06873244047017779
    },
    "O_tilde": {
      "DM2": 0.45487131414328497,
      "DM3": 0.6235907967508106,
      "DM4": 0.7096252857032431
    },
    "CI_tilde": {
      "DM2": 2.6082623126590283,
      "DM3": 1.4927515290354678,
      "DM4": 0.8800958825437636
    },
    "final_weights": {
      "DM1": 0.0,
      "DM2": 0.4327126489314215,
      "DM3": 0.33950564254964405,
      "DM4": 0.22778170851893453,
      "DM5": 0.0
    }
  }
}