{
  "parameters": {
    "alpha": 0.95,
    "B_threshold": 2,
    "input_file": "example_data.json"
  },
  "weights": {
    "DM1": 0.0,
    "DM2": 0.4327126489314215,
    "DM3": 0.33950564254964405,
    "DM4": 0.22778170851893453,
    "DM5": 0.0
  },
  "biased_dms": [
    "DM1",
    "DM5"
  ],
  "biasedness_index": {
    "DM1": 0.0,
    "DM2": 2.0,
    "DM3": 2.0,
    "DM4": 2.0,
    "DM5": 0.0
  },
  "confidence_intervals": {
    "DM1": {
      "lower_bound": 0.4046316036111182,
      "upper_bound": 0.4666283963888818,
      "length": 0.0619967927777636
    },
    "DM2": {
      "lower_bound": 0.5522575379271963,
      "upper_bound": 0.6957813509616926,
      "length": 0.14352381303449624
    },
    "DM3": {
      "lower_bound": 0.5866739220663042,
      "upper_bound": 0.6688149668225847,
      "length": 0.08214104475628048
    },
    "DM4": {
      "lower_bound": 0.5585489902656172,
      "upper_bound": 0.6069776764010496,
      "length": 0.048428686135432386
    },
    "DM5": {
      "lower_bound": 0.28021322384283903,
      "upper_bound": 0.3573167761571609,
      "length": 0.07710355231432187
    }
  }
}