{
  "parameters": {
    "alpha": 0.95,
    "B_threshold": 2,
    "gamma": 0.5,
    "input_file": ".\\NY_Phone.json",
    "output_file": "SABM_results_NY_Phone.json"
  },
  "results": {
    "scores": {
      "Alex (DM1)": [
        [
          8,
          7,
          6
        ],
        [
          6,
          5,
          7
        ],
        [
          4,
          3,
          8
        ]
      ],
      "Borya (DM2)": [
        [
          7,
          8,
          7
        ],
        [
          5,
          6,
          6
        ],
        [
          3,
          4,
          5
        ]
      ],
      "Dasha (DM3)": [
        [
          7,
          6,
          8
        ],
        [
          5,
          4,
          7
        ],
        [
          3,
          2,
          9
        ]
      ],
      "Egor (DM4)": [
        [
          10,
          10,
          10
        ],
        [
          10,
          10,
          10
        ],
        [
          10,
          10,
          10
        ]
      ]
    },
    "normalized_scores": {
      "Alex (DM1)": [
        [
          0.7142857142857143,
          0.625,
          0.2
        ],
        [
          0.42857142857142855,
          0.375,
          0.4
        ],
        [
          0.14285714285714285,
          0.125,
          0.6
        ]
      ],
      "Borya (DM2)": [
        [
          0.5714285714285714,
          0.75,
          0.4
        ],
        [
          0.2857142857142857,
          0.5,
          0.2
        ],
        [
          0.0,
          0.25,
          0.0
        ]
      ],
      "Dasha (DM3)": [
        [
          0.5714285714285714,
          0.5,
          0.6
        ],
        [
          0.2857142857142857,
          0.25,
          0.4
        ],
        [
          0.0,
          0.0,
          0.8
        ]
      ],
      "Egor (DM4)": [
        [
          1.0,
          1.0,
          1.0
        ],
        [
          1.0,
          1.0,
          1.0
        ],
        [
          1.0,
          1.0,
          1.0
        ]
      ]
    },
    "CIs": {
      "Alex (DM1)": {
        "mean": 0.40119047619047626,
        "std": 0.21580562162865596,
        "lower_bound": 0.26742350279515487,
        "upper_bound": 0.5349574495857976,
        "length": 0.26753394679064274
      },
      "Borya (DM2)": {
        "mean": 0.32857142857142857,
        "std": 0.25286622259727026,
        "lower_bound": 0.1718324659092392,
        "upper_bound": 0.48531039123361797,
        "length": 0.3134779253243788
      },
      "Dasha (DM3)": {
        "mean": 0.3785714285714286,
        "std": 0.2717573197106686,
        "lower_bound": 0.2101228317212815,
        "upper_bound": 0.5470200254215758,
        "length": 0.3368971937002943
      },
      "Egor (DM4)": {
        "mean": 1.0,
        "std": 0.0,
        "lower_bound": 1.0,
        "upper_bound": 1.0,
        "length": 0.0
      }
    },
    "biasedness_index": {
      "Alex (DM1)": 2.0,
      "Borya (DM2)": 2.0,
      "Dasha (DM3)": 2.0,
      "Egor (DM4)": 0.0
    },
    "biased_indices": {},
    "unbiased_indices": {
      "Alex (DM1)": 0,
      "Borya (DM2)": 1,
      "Dasha (DM3)": 2,
      "Egor (DM4)": 3
    },
    "overlap_matrix": {
      "Alex (DM1)": [
        0.26753394679064274,
        0.2178868884384631,
        0.26753394679064274,
        0.0
      ],
      "Borya (DM2)": [
        0.2178868884384631,
        0.3134779253243788,
        0.2751875595123365,
        0.0
      ],
      "Dasha (DM3)": [
        0.26753394679064274,
        0.2751875595123365,
        0.3368971937002943,
        0.0
      ],
      "Egor (DM4)": [
        0.0,
        0.0,
        0.0,
        0.0
      ]
    },
    "total_overlap": {
      "Alex (DM1)": 0.7529547820197486,
      "Borya (DM2)": 0.8065523732751785,
      "Dasha (DM3)": 0.8796187000032736,
      "Egor (DM4)": 0.0
    },
    "O_i": {
      "Alex (DM1)": 0.4854208352291059,
      "Borya (DM2)": 0.4930744479507997,
      "Dasha (DM3)": 0.5427215063029793,
      "Egor (DM4)": 0.0
    },
    "O_tilde": {
      "Alex (DM1)": 0.6048090233684991,
      "Borya (DM2)": 0.5243053371201806,
      "Dasha (DM3)": 0.5369803374752828,
      "Egor (DM4)": 0.0
    },
    "CI_tilde": {
      "Alex (DM1)": 1.37398901749079,
      "Borya (DM2)": 1.6099460714738694,
      "Dasha (DM3)": 1.7302217147415175,
      "Egor (DM4)": 0.0
    },
    "final_weights": {
      "Alex (DM1)": 0.28455018330888837,
      "Borya (DM2)": 0.28706580526843023,
      "Dasha (DM3)": 0.3033840114226814,
      "Egor (DM4)": 0.125
    }
  }
}